#1,287,A Class,2024-06-25,12,Wellington St/Victoria Pde,Spencer St/Collins St
#2,244,A Class,2024-06-28,12,Parliament Station/Macarthur St,Wellington St/Victoria Pde
#3,3023,C Class,2024-06-29,109,Wellington St/Victoria Pde,Parliament Station/Macarthur St
#4,6090,E2 Class,2024-06-29,86,Spencer St/Bourke St,Smith St/Gertrude St
#5,6050,E Class,2024-06-30,96,Southern Cross Railway Station/Spencer St,Melbourne Sports And Aquatic Centre/Light Rail
#6,251,A Class,2024-06-30,12,Armstrong St/Danks St,Melbourne Sports & Aquatic Centre/Albert Rd
#7,6050,E Class,2024-07-04,86,Gertrude St/Smith St,Southern Cross Station - Stop 1
#8,270,A Class,2024-07-20,109,Parliament Station/Macarthur St,Wellington St/Victoria Pde
#9,3007,C Class,2024-07-21,109,Wellington St/Victoria Pde,Parliament Station/Macarthur St
