#1,D6273,Tangara,2024-07-05,T4,Martin Place,Town Hall
#2,T6668,Waratah,2024-07-05,T1,Town Hall,Milsons Point
#3,D6455,Waratah,2024-07-05,T1,Milsons Point,Chatswood
#4,1801,Metropolis Stock,2024-07-05,Metro North West Line,Chatswood,Epping
#5,2402,Metropolis Stock,2024-07-05,Metro North West Line,Epping,Chatswood
#7,D6359,Waratah,2024-07-05,T1,Chatswood,Central
#9,N1932,Waratah,2024-07-06,T8,Central,Central
#A,T6536,Waratah,2024-07-06,T3,Circular Quay,Central
#B,D6423,Waratah,2024-07-06,T1,Central,Town Hall
#C,N1906,Waratah,2024-07-07,T8,Circular Quay,Central
#D,D1121,Waratah,2024-07-07,T3,Central,Central
#E,D1110,Waratah,2024-07-07,T3,Central,Circular Quay
#F,T1341,Waratah,2024-07-07,T8,Circular Quay,Domestic Airport
