#1,N1723,Waratah,2024-07-04,T8,Domestic Airport,Central
#2,N1620,Waratah,2024-07-04,T3,Central,Circular Quay
#3,N5668,Waratah,2024-07-04,T1,Milsons Point,Wynyard
#4,N1738,Waratah,2024-07-04,T8,Wynyard,St James
#5,N5214,Tangara,2024-07-04,T4,Town Hall,Central
#6,8091,V set,2024-07-06,Blue Mountains Line,Central,Katoomba
#7,8122,V set,2024-07-07,Blue Mountains Line,Katoomba,Wentworth Falls
#8,8079,V set,2024-07-07,Blue Mountains Line,Wentworth Falls,Leura
#9,Unknown,V set,2024-07-07,Blue Mountains Line,Leura,Katoomba
#A,9164,V set,2024-07-08,Blue Mountains Line,Katoomba,Strathfield
#B,N5415,Waratah,2024-07-08,T1,Strathfield,Central
#C,D6324,Waratah,2024-07-08,T8,Central,Museum
#D,D1018,Millennium,2024-07-08,T8,Museum,Central
#E,N1935,Waratah,2024-07-08,T1,Central,Chatswood
#F,Unknown,Metropolis Stock,2024-07-08,Metro North West Line,Chatswood,Tallawong
#10,1202,Metropolis Stock,2024-07-08,Metro North West Line,Tallawong,Macquarie University
#11,Unknown,Metropolis Stock,2024-07-08,Metro North West Line,Macquarie University,Chatswood
#12,N5415,Waratah,2024-07-08,T1,Chatswood,Wynyard
#13,N1508,Millennium,2024-07-08,T8,Wynyard,Museum
#14,D1229,Waratah,2024-07-09,T8,Town Hall,Circular Quay
#15,Unknown,Waratah,2024-07-09,T8,St James,Museum
#16,D6343,Waratah,2024-07-09,T8,Museum,Domestic Airport
