33M-1317T-34M,2
9069-9169-9269-9369-9769-9869-9969,2
21M-1311T-22M,2
49M-1325T-50M,1
141M-1371T-142M,1
669M-1185T-670M,1
51M-1326T-52M,1
157M-1379T-158M,1
9034-9134-9234-9334-9734-9834-9934,1
9061-9161-9261-9361-9761-9861-9961,1
351M-1026T-352M,1
347M-1024T-348M,1
639M-1170T-640M,1
328M-1014T-464M,1
549M-1125T-550M,1
207M-1404T-208M,1
29M-1315T-30M,1
9013-9113-9213-9313-9713-9813-9913,1
969M-1685T-970M,1
719M-2510T-720M,1
591M-1146T-592M,1
945M-1673T-946M,1
235M-1418T-236M,1
123M-1362T-124M,1
269M-1435T-270M,1
