953M-1677T-954M,X'Trapolis 100,2024-05-13,Hurstbridge,Dennis,Macleod
245M-1423T-246M,X'Trapolis 100,2024-05-13,Hurstbridge,Macleod,Dennis
171M-1386T-172M,X'Trapolis 100,2024-05-13,Hurstbridge,Dennis,Flinders Street
707M-2504T-708M,Siemens Nexas,2024-05-13,Sandringham,Flinders Street,Elsternwick
518M-1126T-551M,EDI Comeng,2024-05-13,Sandringham,Elsternwick,South Yarra
9042-9142-9242-9342-9742-9842-9942,HCMT,2024-05-13,Pakenham,South Yarra,Parliament
17M-1309T-18M,X'Trapolis 100,2024-05-13,Hurstbridge,Parliament,Dennis
77M-1339T-78M,X'Trapolis 100,2024-05-14,Hurstbridge,Dennis,Macleod
135M-1368T-136M,X'Trapolis 100,2024-05-14,Hurstbridge,Darebin,Dennis
