#1,N466,N Class,2024-01-24,Geelong/Warrnambool,Southern Cross,Geelong
#3,865M-1633T-866M,X'Trapolis 100,2022-12-31,Glen Waverley,Glen Waverley,Flinders Street
#4,197M-1399T-198M,X'Trapolis 100,2023-01-05,Belgrave,Ferntree Gully,Bayswater
#8,627M-1164T-648M,Alstom Comeng,2023-12-11,Sandringham,Flinders Street,Sandringham
#9,627M-1164T-648M,Alstom Comeng,2023-12-11,Sandringham,Sandringham,Flinders Street
#B,9007-9107-9207-9307-9707-9807-9907,HCMT,2023-12-15,Pakenham,Clayton,Flinders Street
#E,324M-1031T-342M,EDI Comeng,2023-12-15,Sunbury,Flinders Street,Sunbury
#F,324M-1031T-342M,EDI Comeng,2023-12-15,Sunbury,Sunbury,Flinders Street
#10,809M-2555T-810M,Siemens Nexas,2023-12-15,Craigieburn,Flinders Street,North Melbourne
#11,355M-1028T-356M,EDI Comeng,2023-12-15,Frankston,Southern Cross,Flinders Street
#14,655M-1178T-656M,Alstom Comeng,2023-12-15,Frankston,Flinders Street,Southern Cross
#16,1177-1377-1277,VLocity,2023-12-15,Unknown,Footscray,Southern Cross
#17,625M-1163T-626M,Alstom Comeng,2023-12-15,Sunbury,Southern Cross,Footscray
#18,869M-1635T-870M,X'Trapolis 100,2023-01-05,Belgrave,Bayswater,Ferntree Gully
#19,855M-1628T-856M,X'Trapolis 100,2023-12-11,Belgrave,Boronia,Belgrave
#1A,855M-1628T-856M,X'Trapolis 100,2023-12-11,Belgrave,Belgrave,Flinders Street
#1B,841M-2571T-842M,Siemens Nexas,2023-12-15,Sunbury,Southern Cross,Flinders Street
#1E,803M-2552T-804M,Siemens Nexas,2023-12-15,Sandringham,Richmond,Flinders Street
#20,9047-9147-9247-9347-9747-9847-9947,HCMT,2024-01-12,Pakenham,Clayton,Southern Cross
#21,481M-1091T-482M,EDI Comeng,2024-01-12,Frankston,Southern Cross,North Melbourne
#23,501M-1101T-502M,EDI Comeng,2024-01-12,Frankston,North Melbourne,Flinders Street
#24,573M-1137T-574M,Alstom Comeng,2024-01-12,Unknown,Flinders Street,Southern Cross
#25,1192-1392-1292,VLocity,2024-01-12,Bendigo/Echuca/Swan Hill,Southern Cross,Sunbury
#26,1143-1343-1243,VLocity,2024-01-12,Bendigo/Echuca/Swan Hill,Sunbury,Southern Cross
#27,227M-1414T-228M,X'Trapolis 100,2024-07-03,Belgrave,Boronia,Southern Cross
#28,Unknown,VLocity,2024-01-24,Geelong/Warrnambool,Geelong,Southern Cross
#29,Unknown,X'Trapolis 100,2023-12-11,Belgrave,Flinders Street,Belgrave
#2A,Unknown,X'Trapolis 100,2023-12-15,Frankston,North Melbourne,Southern Cross
#2B,Unknown,EDI Comeng,2023-12-15,Frankston,Flinders Street,South Yarra
#2C,Unknown,X'Trapolis 100,2023-12-15,Frankston,South Yarra,Richmond
#2D,Unknown,X'Trapolis 100,2023-12-15,Belgrave,Flinders Street,N/A
#2E,9025-9125-9225-9325-9725-9825-9925,HCMT,2024-01-30,Pakenham,Clayton,Richmond
#2F,767M-2534T-768M,Siemens Nexas,2024-01-30,Frankston,Richmond,Flinders Street
#30,851M-1626T-852M,X'Trapolis 100,2024-01-30,Unknown,Flagstaff,Flinders Street
#31,9024-9124-9224-9324-9724-9824-9924,HCMT,2024-02-17,Pakenham,Hallam,Flinders Street
#32,511M-1106T-512M,EDI Comeng,2024-02-17,Frankston,Flinders Street,North Melbourne
#33,563M-1132T-564M,Alstom Comeng,2024-02-17,Frankston,North Melbourne,Southern Cross
#34,N471,N Class,2024-02-17,Geelong/Warrnambool,Southern Cross,North Geelong
#35,2103-2303-2203,VLocity,2024-07-03,Ballarat/Maryborough/Ararat,Southern Cross,Wendouree
#36,2103-2303-2203,VLocity,2024-07-03,Ballarat/Maryborough/Ararat,Wendouree,Ballarat
#37,N462,N Class,2024-02-17,Geelong/Warrnambool,North Geelong,Southern Cross
#38,977M-1689T-978M,X'Trapolis 100,2024-02-24,Glen Waverley,Southern Cross,Gardiner
#39,2108-2308-2208,VLocity,2024-07-03,Ballarat/Maryborough/Ararat,Ballarat,Ararat
#3A,271M-1436T-272M,X'Trapolis 100,2024-03-07,Belgrave,Bayswater,Boronia
#3B,2108-2308-2208,VLocity,2024-07-03,Ballarat/Maryborough/Ararat,Ararat,Southern Cross
#3C,101M-1351T-102M,X'Trapolis 100,2024-05-19,Glen Waverley,Glen Waverley,Southern Cross
#3D,1178-1378-1278,VLocity,2024-05-19,Geelong/Warrnambool,Southern,Geelong
#3F,97M-1349T-98M,X'Trapolis 100,2024-05-19,Glen Waverley,Southern Cross,Glen Waverley
#40,103M-1352T-104M,X'Trapolis 100,2024-06-14,Belgrave,Ferntree Gully,Southern Cross
#41,791M-2546T-792M,Siemens Nexas,2024-06-14,Frankston,Southern Cross,Flinders Street
#42,9066-9166-9266-9366-9766-9866-9966,HCMT,2024-06-14,Pakenham,Flinders Street,East Pakenham
#43,9066-9166-9266-9366-9766-9866-9966,HCMT,2024-06-14,Pakenham,East Pakenham,Pakenham
#44,9033-9133-9233-9333-9733-9833-9933,HCMT,2024-06-14,Pakenham,Pakenham,East Pakenham
#45,9033-9133-9233-9333-9733-9833-9933,HCMT,2024-06-14,Pakenham,East Pakenham,Flinders Street
#46,1162-1362-1262,VLocity,2024-05-19,Geelong/Warrnambool,Geelong,Southern Cross
#47,983M-1692T-984M,X'Trapolis 100,2024-07-03,Belgrave,Southern Cross,Ringwood
#48,893M-1647T-894M,X'Trapolis 100,2024-06-29,Belgrave,Ringwood,Boronia
#49,K153,K Class,2024-06-29,Belgrave,Ringwood,Belgrave
#4A,K153,K Class,2024-06-29,Belgrave,Belgrave,Ringwood
#4B,149M-1375T-150M,X'Trapolis 100,2024-07-08,Belgrave,Ferntree Gully,Southern Cross
#4C,95M-1348T-96M,X'Trapolis 100,2024-07-08,Belgrave,Flinders Street,Boronia
#4D,885M-1643T-886M,X'Trapolis 100,2024-07-09,Belgrave,Boronia,Southern Cross
#4E,215M-1408T-216M,X'Trapolis 100,2024-07-09,Belgrave,Southern Cross,Boronia
#50,129M-1365T-130M,X'Trapolis 100,2024-07-11,Belgrave,Boronia,Southern Cross
#51,171M-1386T-172M,X'Trapolis 100,2024-07-11,Belgrave,Southern Cross,Boronia
#52,287M-1444T-288M,X'Trapolis 100,2024-07-12,Belgrave,Boronia,Southern Cross
#53,7017,Sprinter,2024-07-14,Seymour/Shepparton,Seymour,Southern Cross
#54,269M-1435T-270M,X'Trapolis 100,2024-07-14,Belgrave,Southern Cross,Boronia
