#1,953M-1677T-954M,X'Trapolis 100,2024-05-13,Hurstbridge,Dennis,Macleod
#2,245M-1423T-246M,X'Trapolis 100,2024-05-13,Hurstbridge,Macleod,Dennis
#3,171M-1386T-172M,X'Trapolis 100,2024-05-13,Hurstbridge,Dennis,Flinders Street
#4,707M-2504T-708M,Siemens Nexas,2024-05-13,Sandringham,Flinders Street,Elsternwick
#5,518M-1126T-551M,EDI Comeng,2024-05-13,Sandringham,Elsternwick,South Yarra
#6,9042-9142-9242-9342-9742-9842-9942,HCMT,2024-05-13,Pakenham,South Yarra,Parliament
#7,17M-1309T-18M,X'Trapolis 100,2024-05-13,Hurstbridge,Parliament,Dennis
#8,77M-1339T-78M,X'Trapolis 100,2024-05-14,Hurstbridge,Dennis,Macleod
#9,135M-1368T-136M,X'Trapolis 100,2024-05-14,Hurstbridge,Darebin,Dennis
#A,219M-1410T-220M,X'Trapolis 100,2024-05-16,Hurstbridge,Dennis,Heidelberg
#B,197M-1399T-198M,X'Trapolis 100,2024-05-17,Hurstbridge,Dennis,Macleod
#C,113M-1357T-114M,X'Trapolis 100,2024-05-17,Hurstbridge,Macleod,Dennis
#D,9025-9125-9225-9325-9725-9825-9925,HCMT,2024-05-18,Cranbourne,Caulfield,Parliament
