#1,623M-1162T-624M,Alstom Comeng,2024-01-15,Craigieburn,Flinders Street,Flagstaff
#2,33M-1317T-34M,X'Trapolis 100,2024-05-18,Lilydale,Ringwood,Richmond
#3,9034-9134-9234-9334-9734-9834-9934,HCMT,2024-05-18,Pakenham,Richmond,Hughesdale
#4,33M-1317T-34M,X'Trapolis 100,2023-12-18,Belgrave,Ringwood,Southern Cross
#5,207M-1404T-208M,X'Trapolis 100,2024-05-18,Lilydale,Southern Cross,Mitcham
#6,328M-1014T-464M,EDI Comeng,2024-05-18,Flemington Racecourse,Southern Cross,Flemington Racecourse
#7,549M-1125T-550M,EDI Comeng,2024-05-18,Flemington Racecourse,Flemington Racecourse,Southern Cross
