#1,49M-1325T-50M,X'Trapolis 100,2024-05-11,Lilydale,Lilydale,Ringwood
#2,141M-1371T-142M,X'Trapolis 100,2024-05-11,Belgrave,Ringwood,Flinders Street
#3,669M-1185T-670M,Alstom Comeng,2024-05-11,Sunbury,Footscray,Melbourne Central
#4,51M-1326T-52M,X'Trapolis 100,2024-05-11,Lilydale,Flinders Street,Lilydale
#5,157M-1379T-158M,X'Trapolis 100,2024-04-21,Lilydale,Camberwell,Lilydale
#28,33M-1317T-34M,X'Trapolis 100,2024-05-18,Lilydale,Lilydale,Richmond
#29,9034-9134-9234-9334-9734-9834-9934,HCMT,2024-05-18,Pakenham,Richmond,Hughesdale
#2A,9061-9161-9261-9361-9761-9861-9961,HCMT,2024-05-18,Pakenham,Hughesdale,Caulfield
#2B,351M-1026T-352M,EDI Comeng,2024-05-18,Frankston,Caulfield,Hawksburn
#2C,347M-1024T-348M,EDI Comeng,2024-05-18,Frankston,Hawksburn,Flinders Street
#2D,639M-1170T-640M,Alstom Comeng,2024-05-18,Craigieburn,Flinders Street,North Melbourne
#2E,328M-1014T-464M,EDI Comeng,2024-05-18,Flemington Racecourse,Southern Cross,Flemington Racecourse
#2F,549M-1125T-550M,EDI Comeng,2024-05-18,Flemington Racecourse,Flemington Racecourse,Southern Cross
#31,29M-1315T-30M,X'Trapolis 100,2024-05-21,Lilydale,Ringwood,Richmond
#32,9013-9113-9213-9313-9713-9813-9913,HCMT,2024-05-21,Pakenham,Richmond,Parliament
#33,969M-1685T-970M,X'Trapolis 100,2024-06-07,Lilydale,Ringwood,Richmond
#34,33M-1317T-34M,X'Trapolis 100,2024-06-07,Glen Waverley,Richmond,Flinders Street
#35,9069-9169-9269-9369-9769-9869-9969,HCMT,2024-06-07,Pakenham,Flinders Street,East Pakenham
#36,9069-9169-9269-9369-9769-9869-9969,HCMT,2024-06-07,Pakenham,East Pakenham,Caulfield
#37,719M-2510T-720M,Siemens Nexas,2024-06-07,Frankston,Caulfield,Southern Cross
#38,591M-1146T-592M,Alstom Comeng,2024-06-07,Upfield,Southern Cross,Flinders Street
#39,21M-1311T-22M,X'Trapolis 100,2024-06-07,Belgrave,Flinders Street,Ringwood
#3A,945M-1673T-946M,X'Trapolis 100,2024-06-17,Belgrave,Ringwood,Flinders Street
#3B,235M-1418T-236M,X'Trapolis 100,2024-06-17,Belgrave,Flinders Street,Ringwood
#3C,21M-1311T-22M,X'Trapolis 100,2024-06-18,Lilydale,Ringwood,Flinders Street
#3D,123M-1362T-124M,X'Trapolis 100,2024-06-18,Lilydale,Melbourne Central,Ringwood
#3E,269M-1435T-270M,X'Trapolis 100,2024-06-19,Lilydale,Blackburn,Flinders Street
#3F,169M-1385T-170M,X'Trapolis 100,2024-06-19,Lilydale,Flinders Street,Blackburn
#42,859M-1630T-860M,X'Trapolis 100,2024-06-20,Lilydale,Blackburn,Richmond
#43,71M-1336T-72M,X'Trapolis 100,2024-06-20,Glen Waverley,Richmond,Flinders Street
#44,925M-1663T-926M,X'Trapolis 100,2024-06-20,Lilydale,Flinders Street,Blackburn
#46,47M-1324T-48M,X'Trapolis 100,2024-06-21,Lilydale,Blackburn,Flinders Street
#47,85M-1343T-86M,X'Trapolis 100,2024-06-21,Lilydale,Flinders Street,Blackburn
#48,211M-1406T-212M,X'Trapolis 100,2024-06-22,Lilydale,Box Hill,Flinders Street
#49,518M-1126T-551M,EDI Comeng,2024-06-22,Upfield,Flinders Street,Upfield
#4A,505M-1103T-506M,EDI Comeng,2024-06-22,Upfield,Upfield,North Melbourne
#4B,541M-1121T-542M,EDI Comeng,2024-06-22,Craigieburn,North Melbourne,Melbourne Central
#4C,421M-1061T-422M,EDI Comeng,2024-06-22,Upfield,Melbourne Central,Flinders Street
#4D,9M-1305T-10M,X'Trapolis 100,2024-06-22,Werribee,Flinders Street,Southern Cross
#4E,155M-1378T-156M,X'Trapolis 100,2024-06-22,Glen Waverley,Southern Cross,Richmond
#4F,67M-1334T-68M,X'Trapolis 100,2024-06-22,Lilydale,Richmond,Box Hill
#51,207M-1404T-208M,X'Trapolis 100,2024-05-18,Lilydale,Southern Cross,Nunawading
#52,1197-1597-1297,VLocity,2024-06-25,Albury,Southern Cross,Benalla
#53,1196-1596-1296,VLocity,2024-06-28,Albury,Benalla,Southern Cross
#54,371M-1036T-372M,EDI Comeng,2024-06-28,Craigieburn,Southern Cross,Parliament
#55,337M-1019T-438M,EDI Comeng,2024-06-29,Upfield,Parliament,Flinders Street
#56,511M-1106T-512M,EDI Comeng,2024-06-29,Sunbury,Flinders Street,Footscray
#57,535M-1118T-536M,EDI Comeng,2024-06-29,Sunbury,Footscray,Flagstaff
#58,167M-1384T-168M,X'Trapolis 100,2024-06-29,Lilydale,Flagstaff,Ringwood
#59,947M-1674T-948M,X'Trapolis 100,2024-06-29,Belgrave,Ringwood,Tecoma
#5A,271M-1436T-272M,X'Trapolis 100,2024-06-29,Belgrave,Tecoma,Upper Ferntree Gully
#5B,883M-1642T-884M,X'Trapolis 100,2024-06-29,Belgrave,Upper Ferntree Gully,Heathmont
#5C,41M-1321T-42M,X'Trapolis 100,2024-06-29,Belgrave,Heathmont,Ringwood
#5D,173M-1387T-174M,X'Trapolis 100,2024-06-29,Belgrave,Ringwood,Boronia
#5E,191M-1396T-192M,X'Trapolis 100,2024-06-29,Belgrave,Boronia,Bayswater
#5F,885M-1643T-886M,X'Trapolis 100,2024-06-29,Belgrave,Bayswater,Ringwood
#60,317M-1009T-318M,Tait,2024-06-29,Unknown,Ringwood,Newport
#61,951M-1676T-952M,X'Trapolis 100,2024-06-29,Williamstown,Newport,Southern Cross
#62,535M-1118T-536M,EDI Comeng,2024-06-30,Craigieburn,Parliament,Southern Cross
#63,61M-1331T-62M,X'Trapolis 100,2024-07-11,Lilydale,Lilydale,Ringwood East
#64,21M-1311T-22M,X'Trapolis 100,2024-07-11,Lilydale,Ringwood East,Richmond
#65,7M-1304T-8M,X'Trapolis 100,2024-07-11,Glen Waverley,Richmond,Flinders Street
#66,255M-1428T-256M,X'Trapolis 100,2024-07-11,Werribee,Flinders Street,Footscray
#67,107M-1354T-108M,X'Trapolis 100,2024-07-11,Frankston,Footscray,Flinders Street
#68,781M-2541T-782M,Siemens Nexas,2024-07-11,Werribee,Flinders Street,Southern Cross
#69,391M-1047T-392M,EDI Comeng,2024-07-11,Werribee,Southern Cross,Laverton
#6A,795M-2548T-796M,Siemens Nexas,2024-07-11,Werribee,Laverton,Werribee
#6B,803M-2552T-804M,Siemens Nexas,2024-07-11,Werribee,Werribee,Footscray
#6C,679M-1190T-680M,Alstom Comeng,2024-07-11,Sunbury,Footscray,West Footscray
#6D,477M-1089T-478M,EDI Comeng,2024-07-11,Sunbury,West Footscray,Southern Cross
#6E,145M-1373T-146M,X'Trapolis 100,2024-07-11,Hurstbridge,Southern Cross,Melbourne Central
#6F,71M-1336T-72M,X'Trapolis 100,2024-07-11,Mernda,Melbourne Central,Merri
#70,77M-1339T-78M,X'Trapolis 100,2024-07-11,Mernda,Merri,Flinders Street
#71,907M-1654T-908M,X'Trapolis 100,2024-07-11,Lilydale,Flinders Street,Mooroolbark
#72,977M-1689T-978M,X'Trapolis 100,2024-07-13,Lilydale,Lilydale,Southern Cross
#73,7005,Sprinter,2024-07-13,Seymour/Shepparton,Southern Cross,Seymour
#74,7005,Sprinter,2024-07-13,Seymour/Shepparton,Seymour,Broadmeadows
#75,351M-1026T-352M,EDI Comeng,2024-07-13,Craigieburn,Broadmeadows,Melbourne Central
#76,9003-9103-9203-9303-9703-9803-9903,HCMT,2024-07-13,Pakenham,Melbourne Central,Malvern
#77,9069-9169-9269-9369-9769-9869-9969,HCMT,2024-07-13,Pakenham,Malvern,Murrumbeena
#78,9025-9125-9225-9325-9725-9825-9925,HCMT,2024-07-13,Pakenham,Murrumbeena,Oakleigh
#79,9001-9101-9201-9301-9701-9801-9901,HCMT,2024-07-13,Pakenham,Oakleigh,Richmond
#7A,129M-1365T-130M,X'Trapolis 100,2024-07-13,Lilydale,Richmond,Lilydale
#7B,921M-1661T-922M,X'Trapolis 100,2024-07-20,Lilydale,Lilydale,Ringwood
#7C,151M-1376T-152M,X'Trapolis 100,2024-07-20,Lilydale,Ringwood,Flinders Street
#7D,613M-1157T-614M,Alstom Comeng,2024-07-20,Sunbury,Flinders Street,Middle Footscray
#7E,329M-1015T-366M,EDI Comeng,2024-07-20,Sunbury,Middle Footscray,North Melbourne
#7F,Unknown,Siemens Nexas,2024-07-20,Werribee,North Melbourne,Southern Cross
#80,979M-1690T-980M,X'Trapolis 100,2024-07-20,Frankston,Southern Cross,Toorak
#81,705M-2503T-706M,Siemens Nexas,2024-07-20,Frankston,Toorak,South Yarra
#82,9063-9163-9263-9363-9763-9863-9963,HCMT,2024-07-20,Cranbourne,South Yarra,Parliament
#83,665M-1183T-666M,Alstom Comeng,2024-07-21,Upfield,Parliament,Brunswick
#84,577M-1139T-578M,Alstom Comeng,2024-07-21,Upfield,Anstey,North Melbourne
#85,669M-1185T-670M,Alstom Comeng,2024-07-21,Sunbury,North Melbourne,Middle Footscray
#86,669M-1185T-670M,Alstom Comeng,2024-07-21,Sunbury,Middle Footscray,Melbourne Central
#87,37M-1319T-38M,X'Trapolis 100,2024-07-21,Lilydale,Melbourne Central,Burnley
#88,907M-1654T-908M,X'Trapolis 100,2024-07-21,Glen Waverley,Burnley,Glen Waverley
#89,131M-1366T-132M,X'Trapolis 100,2024-07-21,Glen Waverley,Glen Waverley,East Malvern
#8A,61M-1331T-62M,X'Trapolis 100,2024-07-21,Alamein,Alamein,Camberwell
#8B,131M-1366T-132M,X'Trapolis 100,2024-07-21,Lilydale,Camberwell,East Camberwell
#8C,161M-1381T-162M,X'Trapolis 100,2024-07-21,Lilydale,East Camberwell,Lilydale
